
INSERT INTO `demo_login_project`.`account` (`account_id`, `account_name`, `password`) VALUES ('1', 'a123', '123');
INSERT INTO `demo_login_project`.`employee` (`employee_id`, `address`, `avartar`, `birthday`, `email`, `employee_name`, `gender`, `id_card`, `is_delete`, `account_id`) VALUES ('N01', 'DN', 'https://i.ytimg.com/vi/eU1l7eBy2_Y/sddefault.jpg#404_is_fine', '2000-01-01', 'son@gmail.com', 'Trần Ngọc Sơn', 'nam', '19459801',false, '4');
INSERT INTO `demo_login_project`.`employee` (`employee_id`, `address`, `avartar`, `birthday`, `email`, `employee_name`, `gender`, `id_card`, `is_delete`, `account_id`) VALUES ('N04', 'QN', 'https://i.ytimg.com/vi/eU1l7eBy2_Y/sddefault.jpg#404_is_fine', '1998-01-05', 'trong@gmail.com', 'Phạm Ngọc Trọng', 'nam', '19210401',false, '5');
INSERT INTO `demo_login_project`.`employee` (`employee_id`, `address`, `avartar`, `birthday`, `email`, `employee_name`, `gender`, `id_card`, `is_delete`, `account_id`) VALUES ('N03', 'NB', 'https://i.ytimg.com/vi/eU1l7eBy2_Y/sddefault.jpg#404_is_fine', '1993-11-10', 'trinh@gmail.com', 'Phạm Xuân Trình', 'nam', '18931101', false, '6');
INSERT INTO `demo_login_project`.`employee` (`employee_id`, `address`, `avartar`, `birthday`, `email`, `employee_name`, `gender`, `id_card`, `is_delete`, `account_id`) VALUES ('N02', 'SG', 'https://i.ytimg.com/vi/eU1l7eBy2_Y/sddefault.jpg#404_is_fine', '1999-12-30', 'my@gmail.com', 'Trần Thuỳ My', 'nữ', '18992193', false, '7');
INSERT INTO `demo_login_project`.`employee` (`employee_id`, `address`, `avartar`, `birthday`, `email`, `employee_name`, `gender`, `id_card`, `is_delete`, `account_id`) VALUES ('N05', 'HN', 'https://i.ytimg.com/vi/eU1l7eBy2_Y/sddefault.jpg#404_is_fine', '1998-09-13', 'xuan@gmail.com', 'Phạm Lê Xuân', 'nữ', '1889801', false, '8');
INSERT INTO `demo_login_project`.`employee` (`employee_id`, `address`, `avartar`, `birthday`, `email`, `employee_name`, `gender`, `id_card`, `is_delete`, `account_id`) VALUES ('N06', 'DN', 'https://i.ytimg.com/vi/eU1l7eBy2_Y/sddefault.jpg#404_is_fine', '2000-01-01', 'quy@gmail.com', 'Trần Ngọc Quý', 'nam', '19459801',false, '9');
INSERT INTO `demo_login_project`.`employee` (`employee_id`, `address`, `avartar`, `birthday`, `email`, `employee_name`, `gender`, `id_card`, `is_delete`, `account_id`) VALUES ('N07', 'QN', 'https://i.ytimg.com/vi/eU1l7eBy2_Y/sddefault.jpg#404_is_fine', '1998-01-05', 'hung@gmail.com', 'Phạm Xuân Hùng', 'nam', '19210401',false, '10');
INSERT INTO `demo_login_project`.`employee` (`employee_id`, `address`, `avartar`, `birthday`, `email`, `employee_name`, `gender`, `id_card`, `is_delete`, `account_id`) VALUES ('N08', 'NB', 'https://i.ytimg.com/vi/eU1l7eBy2_Y/sddefault.jpg#404_is_fine', '1993-11-10', 'trinh@gmail.com', 'Phạm Xuân Trình', 'nam', '18931101', false, '11');
INSERT INTO `demo_login_project`.`employee` (`employee_id`, `address`, `avartar`, `birthday`, `email`, `employee_name`, `gender`, `id_card`, `is_delete`, `account_id`) VALUES ('N09', 'SG', 'https://i.ytimg.com/vi/eU1l7eBy2_Y/sddefault.jpg#404_is_fine', '1999-12-30', 'hoa@gmail.com', 'Trần Ngọc Hoa', 'nữ', '18992193', false, '12');
INSERT INTO `demo_login_project`.`employee` (`employee_id`, `address`, `avartar`, `birthday`, `email`, `employee_name`, `gender`, `id_card`, `is_delete`, `account_id`) VALUES ('N10', 'HN', 'https://i.ytimg.com/vi/eU1l7eBy2_Y/sddefault.jpg#404_is_fine', '1998-09-13', 'khanh@gmail.com', 'Phạm Lê Khanh', 'nữ', '1889801', false, '13');
INSERT INTO `demo_login_project`.`employee` (`employee_id`, `address`, `avartar`, `birthday`, `email`, `employee_name`, `gender`, `id_card`, `is_delete`, `account_id`) VALUES ('N11', 'DN', 'https://i.ytimg.com/vi/eU1l7eBy2_Y/sddefault.jpg#404_is_fine', '2000-01-01', 'ngan@gmail.com', 'Nguyễn Ngọc Ngạn', 'nam', '19459801',false, '14');
INSERT INTO `demo_login_project`.`employee` (`employee_id`, `address`, `avartar`, `birthday`, `email`, `employee_name`, `gender`, `id_card`, `is_delete`, `account_id`) VALUES ('N12', 'QN', 'https://i.ytimg.com/vi/eU1l7eBy2_Y/sddefault.jpg#404_is_fine', '1998-01-05', 'dat@gmail.com', 'Phạm Văn Đạt', 'nam', '19210401',false, '15');
INSERT INTO `demo_login_project`.`employee` (`employee_id`, `address`, `avartar`, `birthday`, `email`, `employee_name`, `gender`, `id_card`, `is_delete`, `account_id`) VALUES ('N13', 'NB', 'https://i.ytimg.com/vi/eU1l7eBy2_Y/sddefault.jpg#404_is_fine', '1993-11-10', 'kha@gmail.com', 'Lý accountXuân Kha', 'nam', '18931101', false, '16');
INSERT INTO `demo_login_project`.`employee` (`employee_id`, `address`, `avartar`, `birthday`, `email`, `employee_name`, `gender`, `id_card`, `is_delete`, `account_id`) VALUES ('N14', 'SG', 'https://i.ytimg.com/vi/eU1l7eBy2_Y/sddefault.jpg#404_is_fine', '1999-12-30', 'tram@gmail.com', 'Trần Thuỳ Tram', 'nữ', '18992193', false, '17');
INSERT INTO `demo_login_project`.`employee` (`employee_id`, `address`, `avartar`, `birthday`, `email`, `employee_name`, `gender`, `id_card`, `is_delete`, `account_id`) VALUES ('N15', 'HN', 'https://i.ytimg.com/vi/eU1l7eBy2_Y/sddefault.jpg#404_is_fine', '1998-09-13', 'khanh@gmail.com', 'Nguyễn Xuân Khanh', 'nữ', '1889801', false, '18');
INSERT INTO `demo_login_project`.`employee` (`employee_id`, `address`, `avartar`, `birthday`, `email`, `employee_name`, `gender`, `id_card`, `is_delete`, `account_id`) VALUES ('N16', 'DN', 'https://i.ytimg.com/vi/eU1l7eBy2_Y/sddefault.jpg#404_is_fine', '2000-01-01', 'son@gmail.com', 'Trần Ngọc Sơn', 'nam', '19459801',false, '19');
INSERT INTO `demo_login_project`.`employee` (`employee_id`, `address`, `avartar`, `birthday`, `email`, `employee_name`, `gender`, `id_card`, `is_delete`, `account_id`) VALUES ('N17', 'QN', 'https://i.ytimg.com/vi/eU1l7eBy2_Y/sddefault.jpg#404_is_fine', '1998-01-05', 'trong@gmail.com', 'Phạm Ngọc Trọng', 'nam', '19210401',false, '20');
INSERT INTO `demo_login_project`.`employee` (`employee_id`, `address`, `avartar`, `birthday`, `email`, `employee_name`, `gender`, `id_card`, `is_delete`, `account_id`) VALUES ('N18', 'NB', 'https://i.ytimg.com/vi/eU1l7eBy2_Y/sddefault.jpg#404_is_fine', '1993-11-10', 'trinh@gmail.com', 'Phạm Xuân Trình', 'nam', '18931101', false, '21');
INSERT INTO `demo_login_project`.`employee` (`employee_id`, `address`, `avartar`, `birthday`, `email`, `employee_name`, `gender`, `id_card`, `is_delete`, `account_id`) VALUES ('N19', 'SG', 'https://i.ytimg.com/vi/eU1l7eBy2_Y/sddefault.jpg#404_is_fine', '1999-12-30', 'my@gmail.com', 'Trần Thuỳ My', 'nữ', '18992193', false, '22');
INSERT INTO `demo_login_project`.`employee` (`employee_id`, `address`, `avartar`, `birthday`, `email`, `employee_name`, `gender`, `id_card`, `is_delete`, `account_id`) VALUES ('N20', 'HN', 'https://i.ytimg.com/vi/eU1l7eBy2_Y/sddefault.jpg#404_is_fine', '1998-09-13', 'xuan@gmail.com', 'Phạm Lê Xuân', 'nữ', '1889801', false, '23');
INSERT INTO `demo_login_project`.`employee` (`employee_id`, `address`, `avartar`, `birthday`, `email`, `employee_name`, `gender`, `id_card`, `is_delete`, `account_id`) VALUES ('N21', 'DN', 'https://i.ytimg.com/vi/eU1l7eBy2_Y/sddefault.jpg#404_is_fine', '2000-01-01', 'quy@gmail.com', 'Trần Ngọc Quý', 'nam', '19459801',false, '24');
INSERT INTO `demo_login_project`.`employee` (`employee_id`, `address`, `avartar`, `birthday`, `email`, `employee_name`, `gender`, `id_card`, `is_delete`, `account_id`) VALUES ('N22', 'QN', 'https://i.ytimg.com/vi/eU1l7eBy2_Y/sddefault.jpg#404_is_fine', '1998-01-05', 'hung@gmail.com', 'Phạm Xuân Hùng', 'nam', '19210401',false, '25');
INSERT INTO `demo_login_project`.`employee` (`employee_id`, `address`, `avartar`, `birthday`, `email`, `employee_name`, `gender`, `id_card`, `is_delete`, `account_id`) VALUES ('N23', 'NB', 'https://i.ytimg.com/vi/eU1l7eBy2_Y/sddefault.jpg#404_is_fine', '1993-11-10', 'trinh@gmail.com', 'Phạm Xuân Trình', 'nam', '18931101', false, '26');
INSERT INTO `demo_login_project`.`employee` (`employee_id`, `address`, `avartar`, `birthday`, `email`, `employee_name`, `gender`, `id_card`, `is_delete`, `account_id`) VALUES ('N24', 'SG', 'https://i.ytimg.com/vi/eU1l7eBy2_Y/sddefault.jpg#404_is_fine', '1999-12-30', 'hoa@gmail.com', 'Trần Ngọc Hoa', 'nữ', '18992193', false, '1');
INSERT INTO `demo_login_project`.`employee` (`employee_id`, `address`, `avartar`, `birthday`, `email`, `employee_name`, `gender`, `id_card`, `is_delete`, `account_id`) VALUES ('N25', 'HN', 'https://i.ytimg.com/vi/eU1l7eBy2_Y/sddefault.jpg#404_is_fine', '1998-09-13', 'khanh@gmail.com', 'Phạm Lê Khanh', 'nữ', '1889801', false, '1');
INSERT INTO `demo_login_project`.`employee` (`employee_id`, `address`, `avartar`, `birthday`, `email`, `employee_name`, `gender`, `id_card`, `is_delete`, `account_id`) VALUES ('N26', 'DN', 'https://i.ytimg.com/vi/eU1l7eBy2_Y/sddefault.jpg#404_is_fine', '2000-01-01', 'ngan@gmail.com', 'Nguyễn Ngọc Ngạn', 'nam', '19459801',false, '1');
INSERT INTO `demo_login_project`.`employee` (`employee_id`, `address`, `avartar`, `birthday`, `email`, `employee_name`, `gender`, `id_card`, `is_delete`, `account_id`) VALUES ('N27', 'QN', 'https://i.ytimg.com/vi/eU1l7eBy2_Y/sddefault.jpg#404_is_fine', '1998-01-05', 'dat@gmail.com', 'Phạm Văn Đạt', 'nam', '19210401',false, '1');
INSERT INTO `demo_login_project`.`employee` (`employee_id`, `address`, `avartar`, `birthday`, `email`, `employee_name`, `gender`, `id_card`, `is_delete`, `account_id`) VALUES ('N28', 'NB', 'https://i.ytimg.com/vi/eU1l7eBy2_Y/sddefault.jpg#404_is_fine', '1993-11-10', 'kha@gmail.com', 'Lý Xuân Kha', 'nam', '18931101', false, '1');
INSERT INTO `demo_login_project`.`employee` (`employee_id`, `address`, `avartar`, `birthday`, `email`, `employee_name`, `gender`, `id_card`, `is_delete`, `account_id`) VALUES ('N29', 'SG', 'https://i.ytimg.com/vi/eU1l7eBy2_Y/sddefault.jpg#404_is_fine', '1999-12-30', 'tran@gmail.com', 'Trần Thuỳ Trân', 'nữ', '18992193', false, '1');
INSERT INTO `demo_login_project`.`employee` (`employee_id`, `address`, `avartar`, `birthday`, `email`, `employee_name`, `gender`, `id_card`, `is_delete`, `account_id`) VALUES ('N30', 'HN', 'https://i.ytimg.com/vi/eU1l7eBy2_Y/sddefault.jpg#404_is_fine', '1998-09-13', 'khanh@gmail.com', 'Nguyễn Xuân Khanh', 'nữ', '1889801', false, '1');

INSERT INTO `demo_login_project`.`account` (`account_id`, `account_name`, `email`, `password`) VALUES ('2', 'admin', 'ducthang0316@gmail.com', '$2a$12$QISCMVatVg4EfyMlJ3L.Du8zyNHjQ8sVP2qkg71FtrjHEPow2uYNq');
INSERT INTO `demo_login_project`.`account_role` (`acc_role_id`, `account_id`, `role_id`) VALUES ('2', '2', '2');
INSERT INTO `demo_login_project`.`role` (`role_id`, `role_name`) VALUES ('1', 'ROLE_EMPLOYEE');
INSERT INTO `demo_login_project`.`role` (`role_id`, `role_name`) VALUES ('2', 'ROLE_ADMIN');
INSERT INTO `demo_login_project`.`employee` (`employee_id`, `address`, `birthday`, `email`, `employee_name`, `gender`, `id_card`, `is_delete`, `account_id`) VALUES ('1', 'dn', '1999-11-11', 'tdt163@gmail.com', 'thang', '1', '123456789', b'0', '1');
INSERT INTO `demo_login_project`.`cage` (`cage_id`, `area`, `closed_date`, `created_date`, `is_delete`, `quantity`, `employee_id`) VALUES ('1', '234', '2020-11-11', '2020-11-11', b'0', '12', '1');
INSERT INTO `demo_login_project`.`entities` (`entities_id`, `cage_id`, `in_date`, `is_delete`, `out_date`, `status`, `weight`) VALUES ('1', '1', '2020-12-12', b'0', '2020-12-12', 'goog ', '45');

INSERT INTO `demo_login_project`.`account` (`account_id`, `account_name`, `email`, `password`) VALUES ('4', 'son', 'son@gmail.com', '123');
INSERT INTO `demo_login_project`.`account` (`account_id`, `account_name`, `email`, `password`) VALUES ('5', 'my', 'my@gmail.com', '123');
INSERT INTO `demo_login_project`.`account` (`account_id`, `account_name`, `email`, `password`) VALUES ('6', 'trinh', 'trinh@gmail.com', '123');
INSERT INTO `demo_login_project`.`account` (`account_id`, `account_name`, `email`, `password`) VALUES ('7', 'trong', 'trong@gmail.com', '123');
INSERT INTO `demo_login_project`.`account` (`account_id`, `account_name`, `email`, `password`) VALUES ('8', 'xuan', 'xuan@gmail.com', '123');
INSERT INTO `demo_login_project`.`account` (`account_id`, `account_name`, `email`, `password`) VALUES ('9', 'quy', 'quy@gmail.com', '123');
INSERT INTO `demo_login_project`.`account` (`account_id`, `account_name`, `email`, `password`) VALUES ('10', 'hung', 'hung@gmail.com', '123');
INSERT INTO `demo_login_project`.`account` (`account_id`, `account_name`, `email`, `password`) VALUES ('11', 'trinh', 'trinh@gmail.com', '123');
INSERT INTO `demo_login_project`.`account` (`account_id`, `account_name`, `email`, `password`) VALUES ('12', 'hoa', 'hoa@gmail.com', '123');
INSERT INTO `demo_login_project`.`account` (`account_id`, `account_name`, `email`, `password`) VALUES ('13', 'khanh', 'khanh@gmail.com', '123');
INSERT INTO `demo_login_project`.`account` (`account_id`, `account_name`, `email`, `password`) VALUES ('14', 'ngan', 'ngan@gmail.com', '123');
INSERT INTO `demo_login_project`.`account` (`account_id`, `account_name`, `email`, `password`) VALUES ('15', 'dat', 'dat@gmail.com', '123');
INSERT INTO `demo_login_project`.`account` (`account_id`, `account_name`, `email`, `password`) VALUES ('16', 'kha', 'kha@gmail.com', '123');
INSERT INTO `demo_login_project`.`account` (`account_id`, `account_name`, `email`, `password`) VALUES ('17', 'tram', 'tram@gmail.com', '123');
INSERT INTO `demo_login_project`.`account` (`account_id`, `account_name`, `email`, `password`) VALUES ('18', 'khanh', 'khanh@gmail.com', '123');
INSERT INTO `demo_login_project`.`account` (`account_id`, `account_name`, `email`, `password`) VALUES ('19', 'son', 'son@gmail.com', '123');
INSERT INTO `demo_login_project`.`account` (`account_id`, `account_name`, `email`, `password`) VALUES ('20', 'trong', 'trong@gmail.com', '123');
